agent_0,agent_1,agent_2
0.9925192905735883,0.9925192905735883,0.9925192905735883
0.5126134030585096,0.5126134030585096,0.5126134030585096
0.9001954350138105,0.9001954350138105,0.9001954350138105
0.8433712010343672,0.8433712010343672,0.8433712010343672
0.8535874278221239,0.8535874278221239,0.8535874278221239
0.5112255012141248,0.5112255012141248,0.5112255012141248
0.28145633101032236,0.28145633101032236,0.28145633101032236
0.6730830276267676,0.6730830276267676,0.6730830276267676
0.7010667632411565,0.7010667632411565,0.7010667632411565
0.5365597513702713,0.5365597513702713,0.5365597513702713
0.1223593037571337,0.1223593037571337,0.1223593037571337
0.15068206483700056,0.15068206483700056,0.15068206483700056
0.5049827596942278,0.5049827596942278,0.5049827596942278
-0.25532187589124944,-0.25532187589124944,-0.25532187589124944
-0.021184148031895056,-0.021184148031895056,-0.021184148031895056
0.2212345678983445,0.2212345678983445,0.2212345678983445
0.5453885207626966,0.5453885207626966,0.5453885207626966
0.3059471161081209,0.3059471161081209,0.3059471161081209
0.1675843712137708,0.1675843712137708,0.1675843712137708
0.5569218375984496,0.5569218375984496,0.5569218375984496
0.8763925398106954,0.8763925398106954,0.8763925398106954
0.9779761745888832,0.9779761745888832,0.9779761745888832
-0.011185088440982316,-0.011185088440982316,-0.011185088440982316
-0.09283545413516014,-0.09283545413516014,-0.09283545413516014
0.4494421008852827,0.4494421008852827,0.4494421008852827
0.5022126051263941,0.5022126051263941,0.5022126051263941
0.5434068743862759,0.5434068743862759,0.5434068743862759
0.5200461764009345,0.5200461764009345,0.5200461764009345
0.020395927056750418,0.020395927056750418,0.020395927056750418
-0.27030525608490924,-0.27030525608490924,-0.27030525608490924
0.5997685063890836,0.5997685063890836,0.5997685063890836
0.42461437753581494,0.42461437753581494,0.42461437753581494
0.9839301924352277,0.9839301924352277,0.9839301924352277
0.5715033764588046,0.5715033764588046,0.5715033764588046
0.808808141084004,0.808808141084004,0.808808141084004
0.941527026410853,0.941527026410853,0.941527026410853
0.3253896768888753,0.3253896768888753,0.3253896768888753
0.2767859219361595,0.2767859219361595,0.2767859219361595
1.1049932369574524,1.1049932369574524,1.1049932369574524
-0.5262904113282666,-0.5262904113282666,-0.5262904113282666
0.4482288335027487,0.4482288335027487,0.4482288335027487
0.10182560369795508,0.10182560369795508,0.10182560369795508
0.10279621600677895,0.10279621600677895,0.10279621600677895
0.5204331150032024,0.5204331150032024,0.5204331150032024
0.11835946788122172,0.11835946788122172,0.11835946788122172
0.17486502028665493,0.17486502028665493,0.17486502028665493
-0.13179232536634267,-0.13179232536634267,-0.13179232536634267
0.6656115572957471,0.6656115572957471,0.6656115572957471
0.6616181412040401,0.6616181412040401,0.6616181412040401
-0.14613540097553726,-0.14613540097553726,-0.14613540097553726
0.5042778999155185,0.5042778999155185,0.5042778999155185
0.5523832488668674,0.5523832488668674,0.5523832488668674
0.6842505161027539,0.6842505161027539,0.6842505161027539
0.7579219959250375,0.7579219959250375,0.7579219959250375
-0.05743216549857166,-0.05743216549857166,-0.05743216549857166
0.7578030260763873,0.7578030260763873,0.7578030260763873
0.721116069897787,0.721116069897787,0.721116069897787
0.05631565606416052,0.05631565606416052,0.05631565606416052
0.903436300174339,0.903436300174339,0.903436300174339
0.3747630307471785,0.3747630307471785,0.3747630307471785
0.560562040617525,0.560562040617525,0.560562040617525
0.28125143374523626,0.28125143374523626,0.28125143374523626
0.28426805310958086,0.28426805310958086,0.28426805310958086
0.36601872326044244,0.36601872326044244,0.36601872326044244
0.1928201428261087,0.1928201428261087,0.1928201428261087
0.7476760256324025,0.7476760256324025,0.7476760256324025
0.9212824236561913,0.9212824236561913,0.9212824236561913
-0.20985185942924275,-0.20985185942924275,-0.20985185942924275
0.5066199225874054,0.5066199225874054,0.5066199225874054
0.643860412469941,0.643860412469941,0.643860412469941
0.47196503418633734,0.47196503418633734,0.47196503418633734
0.17094451015052634,0.17094451015052634,0.17094451015052634
0.7910887583290881,0.7910887583290881,0.7910887583290881
0.6864243491529874,0.6864243491529874,0.6864243491529874
0.6175222494252793,0.6175222494252793,0.6175222494252793
0.15660097989155966,0.15660097989155966,0.15660097989155966
0.8480394424928431,0.8480394424928431,0.8480394424928431
0.6955889140964552,0.6955889140964552,0.6955889140964552
0.332939162166161,0.332939162166161,0.332939162166161
1.0963045429484441,1.0963045429484441,1.0963045429484441
0.7438680097637155,0.7438680097637155,0.7438680097637155
0.9921336379714557,0.9921336379714557,0.9921336379714557
1.0069286561327193,1.0069286561327193,1.0069286561327193
0.30538805817644493,0.30538805817644493,0.30538805817644493
0.4285424532533195,0.4285424532533195,0.4285424532533195
0.5928190941020194,0.5928190941020194,0.5928190941020194
-0.17626747112429517,-0.17626747112429517,-0.17626747112429517
0.5468112681790879,0.5468112681790879,0.5468112681790879
0.7988344269244317,0.7988344269244317,0.7988344269244317
-0.09146887690386984,-0.09146887690386984,-0.09146887690386984
0.44190911504679264,0.44190911504679264,0.44190911504679264
0.9498441398589835,0.9498441398589835,0.9498441398589835
0.5585808676763554,0.5585808676763554,0.5585808676763554
0.21489642241751974,0.21489642241751974,0.21489642241751974
1.036793622753909,1.036793622753909,1.036793622753909
0.6793620908413184,0.6793620908413184,0.6793620908413184
0.7655101343522559,0.7655101343522559,0.7655101343522559
0.40477905487446236,0.40477905487446236,0.40477905487446236
0.7827691606937073,0.7827691606937073,0.7827691606937073
0.6388046112092901,0.6388046112092901,0.6388046112092901
0.9197635849787679,0.9197635849787679,0.9197635849787679
0.17338635442791783,0.17338635442791783,0.17338635442791783
0.11437852739786754,0.11437852739786754,0.11437852739786754
0.7684892218978324,0.7684892218978324,0.7684892218978324
0.4602854153917335,0.4602854153917335,0.4602854153917335
0.7444956238328806,0.7444956238328806,0.7444956238328806
-0.0910272655709854,-0.0910272655709854,-0.0910272655709854
0.5283641399340047,0.5283641399340047,0.5283641399340047
0.7179483815616123,0.7179483815616123,0.7179483815616123
0.6855369162809589,0.6855369162809589,0.6855369162809589
1.3093959469378913,1.3093959469378913,1.3093959469378913
0.20822190403825358,0.20822190403825358,0.20822190403825358
0.7115415372036713,0.7115415372036713,0.7115415372036713
0.41320486673599954,0.41320486673599954,0.41320486673599954
0.5008917275251606,0.5008917275251606,0.5008917275251606
1.016420103628043,1.016420103628043,1.016420103628043
0.9360568683362597,0.9360568683362597,0.9360568683362597
0.712309231292935,0.712309231292935,0.712309231292935
0.961408895291128,0.961408895291128,0.961408895291128
0.4814728582206526,0.4814728582206526,0.4814728582206526
0.7908399786623397,0.7908399786623397,0.7908399786623397
0.9269437112496561,0.9269437112496561,0.9269437112496561
0.5385730917946544,0.5385730917946544,0.5385730917946544
0.9911449705216185,0.9911449705216185,0.9911449705216185
0.11330462214962227,0.11330462214962227,0.11330462214962227
0.2777860962602458,0.2777860962602458,0.2777860962602458
1.3226625503721625,1.3226625503721625,1.3226625503721625
0.604676807181873,0.604676807181873,0.604676807181873
0.4084548811540359,0.4084548811540359,0.4084548811540359
0.22153042032224243,0.22153042032224243,0.22153042032224243
0.19117669509302623,0.19117669509302623,0.19117669509302623
-0.21164564665210484,-0.21164564665210484,-0.21164564665210484
0.026410657805083337,0.026410657805083337,0.026410657805083337
0.5202064447887667,0.5202064447887667,0.5202064447887667
0.4949559330418834,0.4949559330418834,0.4949559330418834
0.7424412776892213,0.7424412776892213,0.7424412776892213
0.7746597231406801,0.7746597231406801,0.7746597231406801
0.8752002086797998,0.8752002086797998,0.8752002086797998
0.4489756094521073,0.4489756094521073,0.4489756094521073
0.8176367092585201,0.8176367092585201,0.8176367092585201
0.7488334445597697,0.7488334445597697,0.7488334445597697
1.1186402484088869,1.1186402484088869,1.1186402484088869
0.18039230711547985,0.18039230711547985,0.18039230711547985
0.6677042373340748,0.6677042373340748,0.6677042373340748
0.32873480121583104,0.32873480121583104,0.32873480121583104
0.28876004824564494,0.28876004824564494,0.28876004824564494
0.8972843280033623,0.8972843280033623,0.8972843280033623
0.7927612323540923,0.7927612323540923,0.7927612323540923
0.19305072911412102,0.19305072911412102,0.19305072911412102
0.2428576323792491,0.2428576323792491,0.2428576323792491
0.2872309653779637,0.2872309653779637,0.2872309653779637
-0.18940679027385202,-0.18940679027385202,-0.18940679027385202
0.7604488383214628,0.7604488383214628,0.7604488383214628
0.40746643093005064,0.40746643093005064,0.40746643093005064
0.7996872647984371,0.7996872647984371,0.7996872647984371
1.0426274332120338,1.0426274332120338,1.0426274332120338
0.2796910496714568,0.2796910496714568,0.2796910496714568
0.6457645020821253,0.6457645020821253,0.6457645020821253
0.967302653321099,0.967302653321099,0.967302653321099
0.6120655327960374,0.6120655327960374,0.6120655327960374
0.6848840795560691,0.6848840795560691,0.6848840795560691
0.7350842432717827,0.7350842432717827,0.7350842432717827
0.25074572400662765,0.25074572400662765,0.25074572400662765
0.6386885144715865,0.6386885144715865,0.6386885144715865
0.20488460505535824,0.20488460505535824,0.20488460505535824
0.16831157151814505,0.16831157151814505,0.16831157151814505
0.13900281738096906,0.13900281738096906,0.13900281738096906
1.199614879413202,1.199614879413202,1.199614879413202
0.820299679934467,0.820299679934467,0.820299679934467
0.7996010965186019,0.7996010965186019,0.7996010965186019
1.1736929796855387,1.1736929796855387,1.1736929796855387
0.6434891108957204,0.6434891108957204,0.6434891108957204
0.7077749043797626,0.7077749043797626,0.7077749043797626
0.8829596098475839,0.8829596098475839,0.8829596098475839
0.9612969527361733,0.9612969527361733,0.9612969527361733
0.8775357781407082,0.8775357781407082,0.8775357781407082
0.516756906265296,0.516756906265296,0.516756906265296
0.7526317531977867,0.7526317531977867,0.7526317531977867
0.8617705042808949,0.8617705042808949,0.8617705042808949
0.6298553536900211,0.6298553536900211,0.6298553536900211
0.752309085244558,0.752309085244558,0.752309085244558
0.6227675129156813,0.6227675129156813,0.6227675129156813
0.6419899922520882,0.6419899922520882,0.6419899922520882
0.6636722992540071,0.6636722992540071,0.6636722992540071
1.0666795955393102,1.0666795955393102,1.0666795955393102
0.20715196629540458,0.20715196629540458,0.20715196629540458
1.0962660623046367,1.0962660623046367,1.0962660623046367
-0.08208758404870142,-0.08208758404870142,-0.08208758404870142
-0.11205080092974229,-0.11205080092974229,-0.11205080092974229
0.2214174264831267,0.2214174264831267,0.2214174264831267
0.35516498733373414,0.35516498733373414,0.35516498733373414
0.771591732251964,0.771591732251964,0.771591732251964
1.0802389852178111,1.0802389852178111,1.0802389852178111
0.3793590712791648,0.3793590712791648,0.3793590712791648
1.0373061288545942,1.0373061288545942,1.0373061288545942
0.3761385031353546,0.3761385031353546,0.3761385031353546
0.24221160664960117,0.24221160664960117,0.24221160664960117
0.7914625558536615,0.7914625558536615,0.7914625558536615
0.2881953190882536,0.2881953190882536,0.2881953190882536
1.325659001418668,1.325659001418668,1.325659001418668
0.3394679373617114,0.3394679373617114,0.3394679373617114
0.7679006548889179,0.7679006548889179,0.7679006548889179
1.0813604372586745,1.0813604372586745,1.0813604372586745
0.7838387520696891,0.7838387520696891,0.7838387520696891
0.8283283189756846,0.8283283189756846,0.8283283189756846
0.616955358625225,0.616955358625225,0.616955358625225
1.220627239650159,1.220627239650159,1.220627239650159
0.3685657338317405,0.3685657338317405,0.3685657338317405
0.4097466677279957,0.4097466677279957,0.4097466677279957
1.0175367416385541,1.0175367416385541,1.0175367416385541
0.9180499806795153,0.9180499806795153,0.9180499806795153
0.9102073832669918,0.9102073832669918,0.9102073832669918
0.6489541529185755,0.6489541529185755,0.6489541529185755
0.7012945438660435,0.7012945438660435,0.7012945438660435
0.7479097954817725,0.7479097954817725,0.7479097954817725
0.6220902335464306,0.6220902335464306,0.6220902335464306
0.1820072062441036,0.1820072062441036,0.1820072062441036
0.48790065478550854,0.48790065478550854,0.48790065478550854
1.0467426343767052,1.0467426343767052,1.0467426343767052
0.12030870922647807,0.12030870922647807,0.12030870922647807
0.4380193442320812,0.4380193442320812,0.4380193442320812
-0.0029902227174618545,-0.0029902227174618545,-0.0029902227174618545
0.2185576421527077,0.2185576421527077,0.2185576421527077
0.9122138830061074,0.9122138830061074,0.9122138830061074
0.41759785990664927,0.41759785990664927,0.41759785990664927
0.36377973238669764,0.36377973238669764,0.36377973238669764
0.8338228571316421,0.8338228571316421,0.8338228571316421
0.15802010896779128,0.15802010896779128,0.15802010896779128
0.34611238198144756,0.34611238198144756,0.34611238198144756
0.44783050759297033,0.44783050759297033,0.44783050759297033
0.9588459341327827,0.9588459341327827,0.9588459341327827
0.5232997111014145,0.5232997111014145,0.5232997111014145
0.9159121399723471,0.9159121399723471,0.9159121399723471
0.6733321578890362,0.6733321578890362,0.6733321578890362
0.5503090727730284,0.5503090727730284,0.5503090727730284
0.37245361795738446,0.37245361795738446,0.37245361795738446
0.46611631047979785,0.46611631047979785,0.46611631047979785
0.2806632160549116,0.2806632160549116,0.2806632160549116
0.13217749926302033,0.13217749926302033,0.13217749926302033
1.321357583791987,1.321357583791987,1.321357583791987
0.5221635269648137,0.5221635269648137,0.5221635269648137
0.07399597687979938,0.07399597687979938,0.07399597687979938
0.70437083015839,0.70437083015839,0.70437083015839
0.6098316865731497,0.6098316865731497,0.6098316865731497
0.9710355931819544,0.9710355931819544,0.9710355931819544
0.8902694701730206,0.8902694701730206,0.8902694701730206
0.7528885653405042,0.7528885653405042,0.7528885653405042
1.3125725165570759,1.3125725165570759,1.3125725165570759
0.876299106957451,0.876299106957451,0.876299106957451
1.2709860623406017,1.2709860623406017,1.2709860623406017
0.3620437812527422,0.3620437812527422,0.3620437812527422
0.8646183466850302,0.8646183466850302,0.8646183466850302
1.2040177444131483,1.2040177444131483,1.2040177444131483
0.5830431776280852,0.5830431776280852,0.5830431776280852
0.7909121783394687,0.7909121783394687,0.7909121783394687
0.053087977436469945,0.053087977436469945,0.053087977436469945
0.6354690166099667,0.6354690166099667,0.6354690166099667
1.09298344296906,1.09298344296906,1.09298344296906
0.7374441859373816,0.7374441859373816,0.7374441859373816
1.468969046497368,1.468969046497368,1.468969046497368
0.0754346650763585,0.0754346650763585,0.0754346650763585
0.4779947061940481,0.4779947061940481,0.4779947061940481
0.9579813100152044,0.9579813100152044,0.9579813100152044
0.4438528696471978,0.4438528696471978,0.4438528696471978
0.5928583690384501,0.5928583690384501,0.5928583690384501
0.5735912252136286,0.5735912252136286,0.5735912252136286
0.6223707772227746,0.6223707772227746,0.6223707772227746
0.2617679795537257,0.2617679795537257,0.2617679795537257
0.6315355513206693,0.6315355513206693,0.6315355513206693
0.8127610687516876,0.8127610687516876,0.8127610687516876
0.5204555176400091,0.5204555176400091,0.5204555176400091
0.3504021567994138,0.3504021567994138,0.3504021567994138
0.7246217774808844,0.7246217774808844,0.7246217774808844
1.11922832498338,1.11922832498338,1.11922832498338
0.6893529430261212,0.6893529430261212,0.6893529430261212
1.27027250467628,1.27027250467628,1.27027250467628
0.679667889372289,0.679667889372289,0.679667889372289
1.0674102356694313,1.0674102356694313,1.0674102356694313
0.9735212210804689,0.9735212210804689,0.9735212210804689
1.1262210481919326,1.1262210481919326,1.1262210481919326
1.0798171921972899,1.0798171921972899,1.0798171921972899
0.33166285439580084,0.33166285439580084,0.33166285439580084
0.6205599795029967,0.6205599795029967,0.6205599795029967
0.897650754689913,0.897650754689913,0.897650754689913
0.899250718120606,0.899250718120606,0.899250718120606
0.996251671127084,0.996251671127084,0.996251671127084
1.0644017376738715,1.0644017376738715,1.0644017376738715
0.48710861871921685,0.48710861871921685,0.48710861871921685
0.11239675370952606,0.11239675370952606,0.11239675370952606
0.7093111682313334,0.7093111682313334,0.7093111682313334
0.5390088124775835,0.5390088124775835,0.5390088124775835
0.961149876257303,0.961149876257303,0.961149876257303
0.9248183205563012,0.9248183205563012,0.9248183205563012
0.3226486633457933,0.3226486633457933,0.3226486633457933
0.7633676976545084,0.7633676976545084,0.7633676976545084
0.9896702605250995,0.9896702605250995,0.9896702605250995
1.1836025850600478,1.1836025850600478,1.1836025850600478
0.14806797189240695,0.14806797189240695,0.14806797189240695
0.8261190698786222,0.8261190698786222,0.8261190698786222
0.44739776395446396,0.44739776395446396,0.44739776395446396
0.609641918360715,0.609641918360715,0.609641918360715
0.5063178703838634,0.5063178703838634,0.5063178703838634
1.1912377542452555,1.1912377542452555,1.1912377542452555
0.7270100547573047,0.7270100547573047,0.7270100547573047
0.6814263280252774,0.6814263280252774,0.6814263280252774
0.7607988228482742,0.7607988228482742,0.7607988228482742
0.48006268254905454,0.48006268254905454,0.48006268254905454
0.8223942369268821,0.8223942369268821,0.8223942369268821
0.7925795451604506,0.7925795451604506,0.7925795451604506
1.0707397034163568,1.0707397034163568,1.0707397034163568
0.41321096486296405,0.41321096486296405,0.41321096486296405
1.0274178114003882,1.0274178114003882,1.0274178114003882
0.8567934297319016,0.8567934297319016,0.8567934297319016
0.1899588482137997,0.1899588482137997,0.1899588482137997
0.38505766364099775,0.38505766364099775,0.38505766364099775
0.19141670608322506,0.19141670608322506,0.19141670608322506
1.4355268439869926,1.4355268439869926,1.4355268439869926
0.48773539988206416,0.48773539988206416,0.48773539988206416
0.5780075150333427,0.5780075150333427,0.5780075150333427
0.6097149640372553,0.6097149640372553,0.6097149640372553
0.8530440942509615,0.8530440942509615,0.8530440942509615
1.303042451055548,1.303042451055548,1.303042451055548
0.019275584740737168,0.019275584740737168,0.019275584740737168
0.7889930432371522,0.7889930432371522,0.7889930432371522
0.1731719578913622,0.1731719578913622,0.1731719578913622
0.382954016456958,0.382954016456958,0.382954016456958
1.2807787165648488,1.2807787165648488,1.2807787165648488
0.6723984669095207,0.6723984669095207,0.6723984669095207
0.9609591826612426,0.9609591826612426,0.9609591826612426
1.584286950769065,1.584286950769065,1.584286950769065
0.547858402562137,0.547858402562137,0.547858402562137
0.028956959470964883,0.028956959470964883,0.028956959470964883
0.49846215667518984,0.49846215667518984,0.49846215667518984
0.9286005910909233,0.9286005910909233,0.9286005910909233
1.4840807747446683,1.4840807747446683,1.4840807747446683
0.37017582179438896,0.37017582179438896,0.37017582179438896
0.6894083860298998,0.6894083860298998,0.6894083860298998
0.778438704070822,0.778438704070822,0.778438704070822
1.1447054568482917,1.1447054568482917,1.1447054568482917
0.854876227768327,0.854876227768327,0.854876227768327
0.387975601310264,0.387975601310264,0.387975601310264
0.7548328131370367,0.7548328131370367,0.7548328131370367
0.8977432917280831,0.8977432917280831,0.8977432917280831
0.576628747288577,0.576628747288577,0.576628747288577
0.4604351554023555,0.4604351554023555,0.4604351554023555
0.37567178224050046,0.37567178224050046,0.37567178224050046
0.2120562706141107,0.2120562706141107,0.2120562706141107
0.8558225725946284,0.8558225725946284,0.8558225725946284
0.6717026770574231,0.6717026770574231,0.6717026770574231
0.11265571889411197,0.11265571889411197,0.11265571889411197
0.832742453302226,0.832742453302226,0.832742453302226
0.7029642540449469,0.7029642540449469,0.7029642540449469
0.7710559121091677,0.7710559121091677,0.7710559121091677
0.41993418945978706,0.41993418945978706,0.41993418945978706
0.026663306566405365,0.026663306566405365,0.026663306566405365
-0.2698336152059424,-0.2698336152059424,-0.2698336152059424
1.5829331769797739,1.5829331769797739,1.5829331769797739
0.33367745820660044,0.33367745820660044,0.33367745820660044
0.2519118179224424,0.2519118179224424,0.2519118179224424
1.2172793858596083,1.2172793858596083,1.2172793858596083
1.0751893492083806,1.0751893492083806,1.0751893492083806
-0.13166560758593682,-0.13166560758593682,-0.13166560758593682
0.8387628534022967,0.8387628534022967,0.8387628534022967
0.22999707279940682,0.22999707279940682,0.22999707279940682
0.49713471222893496,0.49713471222893496,0.49713471222893496
0.2956067452686301,0.2956067452686301,0.2956067452686301
0.730320155640813,0.730320155640813,0.730320155640813
0.900410694037999,0.900410694037999,0.900410694037999
0.7177473616911018,0.7177473616911018,0.7177473616911018
0.38109851819820656,0.38109851819820656,0.38109851819820656
0.4817585710351619,0.4817585710351619,0.4817585710351619
0.33985034182393054,0.33985034182393054,0.33985034182393054
1.276146430559869,1.276146430559869,1.276146430559869
0.25810688084136874,0.25810688084136874,0.25810688084136874
0.7046313969937361,0.7046313969937361,0.7046313969937361
1.1886519828209836,1.1886519828209836,1.1886519828209836
1.3149622731393134,1.3149622731393134,1.3149622731393134
1.00451345307893,1.00451345307893,1.00451345307893
0.5608189301532954,0.5608189301532954,0.5608189301532954
0.48086393948634837,0.48086393948634837,0.48086393948634837
0.6117555452697206,0.6117555452697206,0.6117555452697206
0.506692669173397,0.506692669173397,0.506692669173397
0.69993208796621,0.69993208796621,0.69993208796621
0.49131904514147956,0.49131904514147956,0.49131904514147956
1.1837788358189882,1.1837788358189882,1.1837788358189882
0.2828994040122299,0.2828994040122299,0.2828994040122299
0.014207502858578783,0.014207502858578783,0.014207502858578783
0.5216746794650652,0.5216746794650652,0.5216746794650652
0.9116967878982077,0.9116967878982077,0.9116967878982077
0.3436614934993014,0.3436614934993014,0.3436614934993014
1.6467706439045446,1.6467706439045446,1.6467706439045446
0.6919950890127208,0.6919950890127208,0.6919950890127208
1.057684905892105,1.057684905892105,1.057684905892105
1.2556208853857478,1.2556208853857478,1.2556208853857478
0.2735815193477498,0.2735815193477498,0.2735815193477498
0.5228955981865022,0.5228955981865022,0.5228955981865022
0.2830697299025826,0.2830697299025826,0.2830697299025826
0.46123063344674486,0.46123063344674486,0.46123063344674486
0.05257658352790062,0.05257658352790062,0.05257658352790062
0.749720335093695,0.749720335093695,0.749720335093695
0.5542029977271079,0.5542029977271079,0.5542029977271079
0.2828013941861932,0.2828013941861932,0.2828013941861932
0.7554657529117161,0.7554657529117161,0.7554657529117161
0.2243609992682328,0.2243609992682328,0.2243609992682328
0.3865557903151911,0.3865557903151911,0.3865557903151911
0.6595433349416617,0.6595433349416617,0.6595433349416617
0.49691883975052403,0.49691883975052403,0.49691883975052403
0.3628803871606396,0.3628803871606396,0.3628803871606396
0.7745753288765904,0.7745753288765904,0.7745753288765904
0.3696846444610789,0.3696846444610789,0.3696846444610789
0.6348102854537233,0.6348102854537233,0.6348102854537233
0.40474501637417926,0.40474501637417926,0.40474501637417926
0.3003080644298875,0.3003080644298875,0.3003080644298875
0.7397241147156608,0.7397241147156608,0.7397241147156608
0.2571070908847872,0.2571070908847872,0.2571070908847872
1.0064710563150843,1.0064710563150843,1.0064710563150843
0.5223817492607566,0.5223817492607566,0.5223817492607566
0.6496193510217315,0.6496193510217315,0.6496193510217315
0.6180473580971768,0.6180473580971768,0.6180473580971768
-0.057549666262438924,-0.057549666262438924,-0.057549666262438924
0.6578506214382808,0.6578506214382808,0.6578506214382808
0.9758995758203044,0.9758995758203044,0.9758995758203044
0.5538082658772766,0.5538082658772766,0.5538082658772766
0.12870936192261415,0.12870936192261415,0.12870936192261415
1.1092992318429673,1.1092992318429673,1.1092992318429673
0.6580380483232696,0.6580380483232696,0.6580380483232696
0.9885017253146938,0.9885017253146938,0.9885017253146938
0.25471529198876214,0.25471529198876214,0.25471529198876214
0.4214836516679959,0.4214836516679959,0.4214836516679959
1.0406387686543508,1.0406387686543508,1.0406387686543508
0.3793607031817407,0.3793607031817407,0.3793607031817407
0.6726559714851348,0.6726559714851348,0.6726559714851348
0.6118733489082983,0.6118733489082983,0.6118733489082983
0.6163909564207022,0.6163909564207022,0.6163909564207022
-0.14319902913267604,-0.14319902913267604,-0.14319902913267604
1.0619148425944094,1.0619148425944094,1.0619148425944094
1.046447655288249,1.046447655288249,1.046447655288249
0.40053693117028183,0.40053693117028183,0.40053693117028183
0.5166171473795014,0.5166171473795014,0.5166171473795014
1.0208896780554246,1.0208896780554246,1.0208896780554246
1.014760216459372,1.014760216459372,1.014760216459372
0.48198207282416733,0.48198207282416733,0.48198207282416733
0.4817902485914927,0.4817902485914927,0.4817902485914927
0.6028393485156468,0.6028393485156468,0.6028393485156468
1.3288317751234409,1.3288317751234409,1.3288317751234409
0.7041515846011343,0.7041515846011343,0.7041515846011343
0.9111892110774855,0.9111892110774855,0.9111892110774855
0.6794634599697327,0.6794634599697327,0.6794634599697327
0.416626988693821,0.416626988693821,0.416626988693821
0.4204072977366445,0.4204072977366445,0.4204072977366445
0.7164421462780347,0.7164421462780347,0.7164421462780347
0.601584521859713,0.601584521859713,0.601584521859713
0.8681367303875368,0.8681367303875368,0.8681367303875368
0.36428767763546954,0.36428767763546954,0.36428767763546954
0.747125985844669,0.747125985844669,0.747125985844669
1.2129968798576931,1.2129968798576931,1.2129968798576931
1.0602248250236663,1.0602248250236663,1.0602248250236663
0.5928597293260859,0.5928597293260859,0.5928597293260859
0.04815189388599491,0.04815189388599491,0.04815189388599491
0.8466783130824611,0.8466783130824611,0.8466783130824611
0.8405287947296055,0.8405287947296055,0.8405287947296055
1.028444203172911,1.028444203172911,1.028444203172911
0.41289085678925996,0.41289085678925996,0.41289085678925996
0.6722613855326927,0.6722613855326927,0.6722613855326927
0.6724790284734619,0.6724790284734619,0.6724790284734619
0.36516937156414486,0.36516937156414486,0.36516937156414486
0.7434455147942637,0.7434455147942637,0.7434455147942637
0.6098826566977534,0.6098826566977534,0.6098826566977534
0.9521907822443234,0.9521907822443234,0.9521907822443234
1.1485705616002206,1.1485705616002206,1.1485705616002206
0.38374742106533305,0.38374742106533305,0.38374742106533305
1.2759681047966047,1.2759681047966047,1.2759681047966047
0.06433404463800896,0.06433404463800896,0.06433404463800896
0.04183534950561918,0.04183534950561918,0.04183534950561918
1.2241797422893164,1.2241797422893164,1.2241797422893164
0.45469464509866037,0.45469464509866037,0.45469464509866037
-0.29907388123531664,-0.29907388123531664,-0.29907388123531664
0.43322450368247506,0.43322450368247506,0.43322450368247506
0.6191034014785707,0.6191034014785707,0.6191034014785707
0.5976383258022734,0.5976383258022734,0.5976383258022734
1.046371845141041,1.046371845141041,1.046371845141041
0.822602197373662,0.822602197373662,0.822602197373662
0.3087429605629022,0.3087429605629022,0.3087429605629022
0.4794824820976849,0.4794824820976849,0.4794824820976849
-0.06262560627386542,-0.06262560627386542,-0.06262560627386542
0.5800953285208237,0.5800953285208237,0.5800953285208237
1.0484737507649173,1.0484737507649173,1.0484737507649173
0.3062193697007792,0.3062193697007792,0.3062193697007792
0.4959764925707321,0.4959764925707321,0.4959764925707321
0.9118196330342047,0.9118196330342047,0.9118196330342047
0.49837934858535804,0.49837934858535804,0.49837934858535804
0.6179146579144741,0.6179146579144741,0.6179146579144741
1.1615465838709502,1.1615465838709502,1.1615465838709502
1.1185134290098553,1.1185134290098553,1.1185134290098553
-0.026576203490252286,-0.026576203490252286,-0.026576203490252286
1.1758366372141733,1.1758366372141733,1.1758366372141733
1.0108690285679558,1.0108690285679558,1.0108690285679558
0.6010189887282404,0.6010189887282404,0.6010189887282404
0.3499405293684204,0.3499405293684204,0.3499405293684204
0.19367861173825549,0.19367861173825549,0.19367861173825549
0.03109004284601613,0.03109004284601613,0.03109004284601613
0.3064871455458477,0.3064871455458477,0.3064871455458477
0.9064741857734125,0.9064741857734125,0.9064741857734125
0.7924570803090671,0.7924570803090671,0.7924570803090671
0.9031492863252218,0.9031492863252218,0.9031492863252218
0.7346795168607313,0.7346795168607313,0.7346795168607313
0.6695771726768959,0.6695771726768959,0.6695771726768959
0.46703067389349223,0.46703067389349223,0.46703067389349223
0.6684739889416978,0.6684739889416978,0.6684739889416978
0.16809033574864887,0.16809033574864887,0.16809033574864887
0.17162531188638872,0.17162531188638872,0.17162531188638872
0.35813723577233225,0.35813723577233225,0.35813723577233225
1.250515227710781,1.250515227710781,1.250515227710781
0.4660600939321721,0.4660600939321721,0.4660600939321721
0.6284858927515445,0.6284858927515445,0.6284858927515445
0.7657081741616744,0.7657081741616744,0.7657081741616744
0.6767001129957184,0.6767001129957184,0.6767001129957184
0.518631631015316,0.518631631015316,0.518631631015316
1.2299673560892173,1.2299673560892173,1.2299673560892173
0.5380178789274032,0.5380178789274032,0.5380178789274032
0.11329827064297993,0.11329827064297993,0.11329827064297993
1.3779628669137807,1.3779628669137807,1.3779628669137807
-0.21017820843260612,-0.21017820843260612,-0.21017820843260612
0.2802900266146679,0.2802900266146679,0.2802900266146679
0.7420519333633485,0.7420519333633485,0.7420519333633485
0.31111548700565955,0.31111548700565955,0.31111548700565955
0.6753715461602402,0.6753715461602402,0.6753715461602402
0.4690249582391828,0.4690249582391828,0.4690249582391828
0.2570307126855414,0.2570307126855414,0.2570307126855414
0.7235224159206889,0.7235224159206889,0.7235224159206889
1.0086964748819134,1.0086964748819134,1.0086964748819134
0.8697509571455676,0.8697509571455676,0.8697509571455676
1.2106715793383338,1.2106715793383338,1.2106715793383338
0.313303644236312,0.313303644236312,0.313303644236312
0.6337012817918127,0.6337012817918127,0.6337012817918127
0.4490072375430952,0.4490072375430952,0.4490072375430952
0.6291733640249134,0.6291733640249134,0.6291733640249134
1.2303137407865607,1.2303137407865607,1.2303137407865607
0.1170973114166185,0.1170973114166185,0.1170973114166185
0.18917308071345326,0.18917308071345326,0.18917308071345326
0.45838258292981465,0.45838258292981465,0.45838258292981465
0.0198273471468929,0.0198273471468929,0.0198273471468929
-0.09217624864594987,-0.09217624864594987,-0.09217624864594987
0.27669742638228917,0.27669742638228917,0.27669742638228917
0.2454874461240535,0.2454874461240535,0.2454874461240535
0.5362547784490449,0.5362547784490449,0.5362547784490449
0.3598074517476313,0.3598074517476313,0.3598074517476313
1.0874019114176836,1.0874019114176836,1.0874019114176836
1.3103794752578344,1.3103794752578344,1.3103794752578344
0.6287506105728834,0.6287506105728834,0.6287506105728834
0.4351060491586199,0.4351060491586199,0.4351060491586199
0.9095614099381546,0.9095614099381546,0.9095614099381546
0.7012978354542244,0.7012978354542244,0.7012978354542244
0.41892589584828605,0.41892589584828605,0.41892589584828605
0.33119568964142093,0.33119568964142093,0.33119568964142093
0.5733370324893824,0.5733370324893824,0.5733370324893824
1.0618476500207572,1.0618476500207572,1.0618476500207572
0.6182772678044649,0.6182772678044649,0.6182772678044649
0.30317373896096517,0.30317373896096517,0.30317373896096517
0.7114266403004114,0.7114266403004114,0.7114266403004114
0.7455145983955846,0.7455145983955846,0.7455145983955846
0.808192965688594,0.808192965688594,0.808192965688594
0.41463197263108603,0.41463197263108603,0.41463197263108603
0.19941331188133118,0.19941331188133118,0.19941331188133118
0.027411096556881526,0.027411096556881526,0.027411096556881526
0.7652472756816903,0.7652472756816903,0.7652472756816903
0.858885633421013,0.858885633421013,0.858885633421013
0.10149205631629665,0.10149205631629665,0.10149205631629665
0.78220942308009,0.78220942308009,0.78220942308009
1.1036714889087813,1.1036714889087813,1.1036714889087813
0.31910062361841157,0.31910062361841157,0.31910062361841157
1.4706745480485646,1.4706745480485646,1.4706745480485646
0.9062265713915956,0.9062265713915956,0.9062265713915956
0.7526039467120577,0.7526039467120577,0.7526039467120577
1.2352450539969004,1.2352450539969004,1.2352450539969004
0.37670735981055764,0.37670735981055764,0.37670735981055764
0.7373782981849795,0.7373782981849795,0.7373782981849795
1.0108476709724405,1.0108476709724405,1.0108476709724405
0.2762347458384096,0.2762347458384096,0.2762347458384096
0.6201093915243457,0.6201093915243457,0.6201093915243457
0.5185877168149492,0.5185877168149492,0.5185877168149492
0.799779119212141,0.799779119212141,0.799779119212141
0.9719082532997053,0.9719082532997053,0.9719082532997053
0.5583083849762491,0.5583083849762491,0.5583083849762491
0.6682033411124754,0.6682033411124754,0.6682033411124754
0.6759349724007051,0.6759349724007051,0.6759349724007051
0.5312269646745208,0.5312269646745208,0.5312269646745208
0.4483193728192257,0.4483193728192257,0.4483193728192257
0.2370080879248234,0.2370080879248234,0.2370080879248234
0.09754769340064713,0.09754769340064713,0.09754769340064713
0.10412897224620281,0.10412897224620281,0.10412897224620281
0.4880188851027796,0.4880188851027796,0.4880188851027796
0.5176333535926649,0.5176333535926649,0.5176333535926649
0.18058773264162298,0.18058773264162298,0.18058773264162298
1.0719586941896495,1.0719586941896495,1.0719586941896495
0.10057790962507192,0.10057790962507192,0.10057790962507192
0.5778828031144063,0.5778828031144063,0.5778828031144063
0.4283864272737395,0.4283864272737395,0.4283864272737395
0.703436667562792,0.703436667562792,0.703436667562792
0.056672850922132145,0.056672850922132145,0.056672850922132145
1.0110769607281405,1.0110769607281405,1.0110769607281405
0.34982897704503263,0.34982897704503263,0.34982897704503263
0.430926259989505,0.430926259989505,0.430926259989505
0.41620808649626756,0.41620808649626756,0.41620808649626756
0.8401359921066596,0.8401359921066596,0.8401359921066596
0.9053397286899888,0.9053397286899888,0.9053397286899888
1.1460536319084353,1.1460536319084353,1.1460536319084353
0.6706111640217755,0.6706111640217755,0.6706111640217755
0.6769771697567268,0.6769771697567268,0.6769771697567268
0.25436208209117633,0.25436208209117633,0.25436208209117633
1.037070124934825,1.037070124934825,1.037070124934825
0.20755377495176974,0.20755377495176974,0.20755377495176974
0.6567107133516136,0.6567107133516136,0.6567107133516136
0.6865698945579294,0.6865698945579294,0.6865698945579294
0.5642801220087119,0.5642801220087119,0.5642801220087119
0.3296781673921503,0.3296781673921503,0.3296781673921503
0.7664625772127837,0.7664625772127837,0.7664625772127837
0.7421627029240453,0.7421627029240453,0.7421627029240453
0.4445051241692308,0.4445051241692308,0.4445051241692308
0.43703775380013316,0.43703775380013316,0.43703775380013316
0.7413069838012221,0.7413069838012221,0.7413069838012221
0.7986832964776492,0.7986832964776492,0.7986832964776492
0.9062580505763158,0.9062580505763158,0.9062580505763158
0.46195522765036284,0.46195522765036284,0.46195522765036284
0.33735895734813653,0.33735895734813653,0.33735895734813653
1.0071389309363319,1.0071389309363319,1.0071389309363319
0.7589556582993956,0.7589556582993956,0.7589556582993956
0.49754439323448346,0.49754439323448346,0.49754439323448346
1.1292283034463215,1.1292283034463215,1.1292283034463215
1.1214310875106526,1.1214310875106526,1.1214310875106526
0.3620913622021571,0.3620913622021571,0.3620913622021571
0.46841347254949833,0.46841347254949833,0.46841347254949833
0.1290885181723284,0.1290885181723284,0.1290885181723284
1.2805869873473839,1.2805869873473839,1.2805869873473839
-0.04003023793576258,-0.04003023793576258,-0.04003023793576258
0.7986806076992355,0.7986806076992355,0.7986806076992355
0.609992321845839,0.609992321845839,0.609992321845839
0.5173672588601498,0.5173672588601498,0.5173672588601498
0.6345929069808981,0.6345929069808981,0.6345929069808981
1.4368494823380242,1.4368494823380242,1.4368494823380242
0.8622382844642527,0.8622382844642527,0.8622382844642527
0.6764850112340449,0.6764850112340449,0.6764850112340449
0.8392504988081396,0.8392504988081396,0.8392504988081396
0.6648841961071866,0.6648841961071866,0.6648841961071866
0.35360351715476074,0.35360351715476074,0.35360351715476074
0.6671542364427104,0.6671542364427104,0.6671542364427104
0.4363023596177298,0.4363023596177298,0.4363023596177298
0.31988414136650317,0.31988414136650317,0.31988414136650317
0.08234619049370129,0.08234619049370129,0.08234619049370129
0.09554390477411445,0.09554390477411445,0.09554390477411445
0.6705460549745107,0.6705460549745107,0.6705460549745107
0.22269024071357202,0.22269024071357202,0.22269024071357202
0.12603979129543622,0.12603979129543622,0.12603979129543622
0.35681988720176117,0.35681988720176117,0.35681988720176117
0.9175221236874064,0.9175221236874064,0.9175221236874064
0.38089926719422723,0.38089926719422723,0.38089926719422723
0.6334908021743674,0.6334908021743674,0.6334908021743674
0.9729074662794209,0.9729074662794209,0.9729074662794209
0.5701796270563718,0.5701796270563718,0.5701796270563718
1.0732907218210617,1.0732907218210617,1.0732907218210617
0.16897410008257788,0.16897410008257788,0.16897410008257788
0.8966149495917105,0.8966149495917105,0.8966149495917105
0.5680417168252642,0.5680417168252642,0.5680417168252642
1.107859900494775,1.107859900494775,1.107859900494775
0.29745647994953783,0.29745647994953783,0.29745647994953783
0.5576971810154904,0.5576971810154904,0.5576971810154904
0.9836557987853634,0.9836557987853634,0.9836557987853634
-0.22143873129439914,-0.22143873129439914,-0.22143873129439914
0.9609484291468638,0.9609484291468638,0.9609484291468638
0.4063056560269285,0.4063056560269285,0.4063056560269285
0.5038264619805791,0.5038264619805791,0.5038264619805791
0.4822424769896693,0.4822424769896693,0.4822424769896693
0.41584211432491086,0.41584211432491086,0.41584211432491086
0.834353201864903,0.834353201864903,0.834353201864903
0.8363156103004977,0.8363156103004977,0.8363156103004977
0.5260634053488914,0.5260634053488914,0.5260634053488914
0.6691627706862806,0.6691627706862806,0.6691627706862806
0.1585230582716274,0.1585230582716274,0.1585230582716274
0.5877330422227036,0.5877330422227036,0.5877330422227036
0.41930854856034605,0.41930854856034605,0.41930854856034605
0.7004530933005909,0.7004530933005909,0.7004530933005909
1.3396977161729584,1.3396977161729584,1.3396977161729584
0.6407009044939252,0.6407009044939252,0.6407009044939252
1.0140073324530274,1.0140073324530274,1.0140073324530274
0.6370040682068234,0.6370040682068234,0.6370040682068234
1.0451199455465996,1.0451199455465996,1.0451199455465996
0.2769265815271249,0.2769265815271249,0.2769265815271249
0.447145369541154,0.447145369541154,0.447145369541154
0.23026206121554282,0.23026206121554282,0.23026206121554282
-0.06308856288992397,-0.06308856288992397,-0.06308856288992397
1.3095621994883857,1.3095621994883857,1.3095621994883857
0.5457302626260813,0.5457302626260813,0.5457302626260813
0.6060454650889882,0.6060454650889882,0.6060454650889882
0.8252426809380351,0.8252426809380351,0.8252426809380351
0.9342601473392925,0.9342601473392925,0.9342601473392925
0.4806491351856936,0.4806491351856936,0.4806491351856936
1.0978023183888708,1.0978023183888708,1.0978023183888708
0.6002390927878926,0.6002390927878926,0.6002390927878926
1.0520109967627622,1.0520109967627622,1.0520109967627622
0.2985237751496523,0.2985237751496523,0.2985237751496523
0.5774190537231876,0.5774190537231876,0.5774190537231876
0.9215825202883403,0.9215825202883403,0.9215825202883403
0.43558025514680215,0.43558025514680215,0.43558025514680215
0.6711490150353275,0.6711490150353275,0.6711490150353275
0.6687559013102824,0.6687559013102824,0.6687559013102824
0.24928511667822692,0.24928511667822692,0.24928511667822692
0.7974411641051434,0.7974411641051434,0.7974411641051434
0.727698107151621,0.727698107151621,0.727698107151621
0.38112853253414203,0.38112853253414203,0.38112853253414203
0.16128824894049132,0.16128824894049132,0.16128824894049132
0.5528488367790065,0.5528488367790065,0.5528488367790065
0.4987395499470759,0.4987395499470759,0.4987395499470759
1.2588314109120928,1.2588314109120928,1.2588314109120928
0.8449362390727183,0.8449362390727183,0.8449362390727183
1.2245432035640724,1.2245432035640724,1.2245432035640724
0.2142028979469209,0.2142028979469209,0.2142028979469209
0.8869092521219475,0.8869092521219475,0.8869092521219475
1.139508052755037,1.139508052755037,1.139508052755037
1.1889237545506026,1.1889237545506026,1.1889237545506026
-0.046372634460558025,-0.046372634460558025,-0.046372634460558025
0.9890312533399768,0.9890312533399768,0.9890312533399768
0.7587368490264406,0.7587368490264406,0.7587368490264406
0.526923580627471,0.526923580627471,0.526923580627471
0.9143355175990564,0.9143355175990564,0.9143355175990564
0.39094523449728796,0.39094523449728796,0.39094523449728796
0.6364304695055623,0.6364304695055623,0.6364304695055623
0.22057589066292205,0.22057589066292205,0.22057589066292205
1.005074390353567,1.005074390353567,1.005074390353567
1.0403539046128074,1.0403539046128074,1.0403539046128074
1.0150923094016913,1.0150923094016913,1.0150923094016913
0.5502840474619298,0.5502840474619298,0.5502840474619298
0.1793591825454067,0.1793591825454067,0.1793591825454067
0.8035109361872347,0.8035109361872347,0.8035109361872347
0.9394035380702318,0.9394035380702318,0.9394035380702318
0.7109429608056855,0.7109429608056855,0.7109429608056855
0.6067871729028461,0.6067871729028461,0.6067871729028461
0.7495357571841165,0.7495357571841165,0.7495357571841165
0.5516989912627969,0.5516989912627969,0.5516989912627969
0.5924879309789323,0.5924879309789323,0.5924879309789323
0.8361386463171234,0.8361386463171234,0.8361386463171234
0.4961938397415391,0.4961938397415391,0.4961938397415391
0.26654301632989524,0.26654301632989524,0.26654301632989524
0.910972865725529,0.910972865725529,0.910972865725529
0.23562077408349466,0.23562077408349466,0.23562077408349466
0.2643519904215496,0.2643519904215496,0.2643519904215496
-0.03657703121402145,-0.03657703121402145,-0.03657703121402145
0.8069877556119209,0.8069877556119209,0.8069877556119209
0.1605017152759285,0.1605017152759285,0.1605017152759285
0.7026114383342156,0.7026114383342156,0.7026114383342156
0.6586672358173014,0.6586672358173014,0.6586672358173014
0.30113524223648364,0.30113524223648364,0.30113524223648364
0.3389742978401382,0.3389742978401382,0.3389742978401382
0.54533328566231,0.54533328566231,0.54533328566231
0.6591929244190197,0.6591929244190197,0.6591929244190197
0.13724869662324965,0.13724869662324965,0.13724869662324965
0.7435885269988098,0.7435885269988098,0.7435885269988098
0.7241767324718319,0.7241767324718319,0.7241767324718319
0.49673140694062895,0.49673140694062895,0.49673140694062895
0.294743230425174,0.294743230425174,0.294743230425174
0.9225678869835995,0.9225678869835995,0.9225678869835995
0.49457180368086734,0.49457180368086734,0.49457180368086734
0.7546994504763708,0.7546994504763708,0.7546994504763708
0.1881231113806261,0.1881231113806261,0.1881231113806261
0.5419600975075851,0.5419600975075851,0.5419600975075851
-0.003950635768263118,-0.003950635768263118,-0.003950635768263118
0.8539080186751455,0.8539080186751455,0.8539080186751455
0.7476445940585731,0.7476445940585731,0.7476445940585731
0.3408007883544247,0.3408007883544247,0.3408007883544247
1.1853349874872998,1.1853349874872998,1.1853349874872998
0.9859779043612812,0.9859779043612812,0.9859779043612812
0.7361868037123659,0.7361868037123659,0.7361868037123659
0.46269138481665456,0.46269138481665456,0.46269138481665456
1.0965305992772798,1.0965305992772798,1.0965305992772798
0.9603503226291933,0.9603503226291933,0.9603503226291933
0.9596662451130801,0.9596662451130801,0.9596662451130801
1.108941978900411,1.108941978900411,1.108941978900411
0.6934544874647055,0.6934544874647055,0.6934544874647055
0.9523264011477881,0.9523264011477881,0.9523264011477881
1.0075590529053982,1.0075590529053982,1.0075590529053982
0.29040170613709426,0.29040170613709426,0.29040170613709426
1.165067166649047,1.165067166649047,1.165067166649047
0.8401120318357274,0.8401120318357274,0.8401120318357274
0.5433599308256314,0.5433599308256314,0.5433599308256314
0.6429723433146742,0.6429723433146742,0.6429723433146742
0.28751102448675453,0.28751102448675453,0.28751102448675453
0.5669589709323999,0.5669589709323999,0.5669589709323999
0.08184596413388816,0.08184596413388816,0.08184596413388816
-0.3463174328397646,-0.3463174328397646,-0.3463174328397646
0.6780900309193117,0.6780900309193117,0.6780900309193117
0.8368954513432977,0.8368954513432977,0.8368954513432977
0.8130143319408422,0.8130143319408422,0.8130143319408422
0.7318242576603287,0.7318242576603287,0.7318242576603287
0.3581068461616475,0.3581068461616475,0.3581068461616475
0.3644644231549492,0.3644644231549492,0.3644644231549492
0.5964346604325694,0.5964346604325694,0.5964346604325694
0.6098394667745949,0.6098394667745949,0.6098394667745949
1.5374216494670925,1.5374216494670925,1.5374216494670925
1.262145860477167,1.262145860477167,1.262145860477167
0.5733543040838357,0.5733543040838357,0.5733543040838357
0.5109234413258071,0.5109234413258071,0.5109234413258071
0.15263046938584335,0.15263046938584335,0.15263046938584335
0.8120053495563821,0.8120053495563821,0.8120053495563821
0.5980151632969266,0.5980151632969266,0.5980151632969266
1.0037700175028978,1.0037700175028978,1.0037700175028978
0.2846633890754187,0.2846633890754187,0.2846633890754187
0.7938632868399639,0.7938632868399639,0.7938632868399639
0.6065790281523016,0.6065790281523016,0.6065790281523016
0.8409360755825309,0.8409360755825309,0.8409360755825309
0.3852408320788361,0.3852408320788361,0.3852408320788361
0.9042198727562036,0.9042198727562036,0.9042198727562036
1.2007628177690037,1.2007628177690037,1.2007628177690037
0.7499437672771201,0.7499437672771201,0.7499437672771201
0.8049127126235455,0.8049127126235455,0.8049127126235455
0.30831414080970937,0.30831414080970937,0.30831414080970937
1.6229638279640255,1.6229638279640255,1.6229638279640255
0.5404842822491963,0.5404842822491963,0.5404842822491963
0.72351371722051,0.72351371722051,0.72351371722051
0.27776438208167636,0.27776438208167636,0.27776438208167636
0.703210063793116,0.703210063793116,0.703210063793116
-0.04664700114029241,-0.04664700114029241,-0.04664700114029241
0.3828971409101256,0.3828971409101256,0.3828971409101256
1.1368526353925674,1.1368526353925674,1.1368526353925674
0.3227004683017667,0.3227004683017667,0.3227004683017667
0.703347957177828,0.703347957177828,0.703347957177828
0.8162580398918595,0.8162580398918595,0.8162580398918595
0.7369546614012236,0.7369546614012236,0.7369546614012236
0.863605367630503,0.863605367630503,0.863605367630503
0.11543732856264777,0.11543732856264777,0.11543732856264777
0.5406008580012268,0.5406008580012268,0.5406008580012268
0.31286816592766037,0.31286816592766037,0.31286816592766037
0.6671338274719103,0.6671338274719103,0.6671338274719103
0.16408062687457278,0.16408062687457278,0.16408062687457278
0.47324634719690833,0.47324634719690833,0.47324634719690833
1.0135225740013898,1.0135225740013898,1.0135225740013898
0.8311962415467189,0.8311962415467189,0.8311962415467189
0.8249662260565992,0.8249662260565992,0.8249662260565992
0.1562741277270073,0.1562741277270073,0.1562741277270073
0.526568605766349,0.526568605766349,0.526568605766349
1.113054737898971,1.113054737898971,1.113054737898971
0.3522678491492865,0.3522678491492865,0.3522678491492865
0.5219597053880912,0.5219597053880912,0.5219597053880912
0.7187934407284376,0.7187934407284376,0.7187934407284376
0.20737160943291785,0.20737160943291785,0.20737160943291785
0.5596031493531978,0.5596031493531978,0.5596031493531978
1.0018125322047746,1.0018125322047746,1.0018125322047746
0.42816250688284213,0.42816250688284213,0.42816250688284213
-0.07446638982010945,-0.07446638982010945,-0.07446638982010945
0.3987477805114204,0.3987477805114204,0.3987477805114204
0.5128245494651654,0.5128245494651654,0.5128245494651654
0.4646790030590022,0.4646790030590022,0.4646790030590022
0.9146415469279109,0.9146415469279109,0.9146415469279109
-0.04768022054556065,-0.04768022054556065,-0.04768022054556065
1.6383084092017473,1.6383084092017473,1.6383084092017473
0.3205580883856256,0.3205580883856256,0.3205580883856256
0.6722609337857488,0.6722609337857488,0.6722609337857488
0.23150991441224977,0.23150991441224977,0.23150991441224977
0.11908799103075658,0.11908799103075658,0.11908799103075658
0.19739390289626493,0.19739390289626493,0.19739390289626493
0.4137874814160192,0.4137874814160192,0.4137874814160192
0.8968770182062787,0.8968770182062787,0.8968770182062787
0.584455652883447,0.584455652883447,0.584455652883447
0.9619169978518127,0.9619169978518127,0.9619169978518127
0.6374142188275709,0.6374142188275709,0.6374142188275709
1.2224376220098419,1.2224376220098419,1.2224376220098419
0.45269565945234574,0.45269565945234574,0.45269565945234574
0.6022186815369921,0.6022186815369921,0.6022186815369921
0.7458248867871135,0.7458248867871135,0.7458248867871135
0.8571282672402271,0.8571282672402271,0.8571282672402271
0.982634307133179,0.982634307133179,0.982634307133179
1.0468715614708122,1.0468715614708122,1.0468715614708122
0.976358649694124,0.976358649694124,0.976358649694124
0.8530592279157266,0.8530592279157266,0.8530592279157266
-0.16584910843412817,-0.16584910843412817,-0.16584910843412817
0.7901241030375146,0.7901241030375146,0.7901241030375146
0.854240802527719,0.854240802527719,0.854240802527719
1.076253197930589,1.076253197930589,1.076253197930589
0.4259930486080752,0.4259930486080752,0.4259930486080752
0.9991503166490964,0.9991503166490964,0.9991503166490964
0.7337019319745108,0.7337019319745108,0.7337019319745108
0.8010570844197064,0.8010570844197064,0.8010570844197064
0.9339845720711737,0.9339845720711737,0.9339845720711737
0.6743743434720829,0.6743743434720829,0.6743743434720829
0.526741655633346,0.526741655633346,0.526741655633346
1.308143443011166,1.308143443011166,1.308143443011166
0.45515967818223935,0.45515967818223935,0.45515967818223935
0.6949349072684882,0.6949349072684882,0.6949349072684882
0.6147765590459229,0.6147765590459229,0.6147765590459229
0.23126542664429647,0.23126542664429647,0.23126542664429647
0.7279337864203789,0.7279337864203789,0.7279337864203789
0.1998092398561059,0.1998092398561059,0.1998092398561059
0.8259934091664259,0.8259934091664259,0.8259934091664259
0.6251331281057881,0.6251331281057881,0.6251331281057881
1.1547306753517168,1.1547306753517168,1.1547306753517168
0.6587425639879628,0.6587425639879628,0.6587425639879628
0.3133030925719457,0.3133030925719457,0.3133030925719457
0.4883320689647195,0.4883320689647195,0.4883320689647195
1.1488566027318823,1.1488566027318823,1.1488566027318823
0.6773523657986781,0.6773523657986781,0.6773523657986781
1.2415004229886637,1.2415004229886637,1.2415004229886637
1.1092815812740409,1.1092815812740409,1.1092815812740409
0.041045692151565026,0.041045692151565026,0.041045692151565026
0.4632017715603222,0.4632017715603222,0.4632017715603222
0.7930632014056616,0.7930632014056616,0.7930632014056616
0.19204247351515913,0.19204247351515913,0.19204247351515913
0.4062597025168649,0.4062597025168649,0.4062597025168649
0.6457732961848696,0.6457732961848696,0.6457732961848696
0.3788933510102877,0.3788933510102877,0.3788933510102877
0.6222271264069464,0.6222271264069464,0.6222271264069464
0.8866631238034012,0.8866631238034012,0.8866631238034012
0.49249694399950417,0.49249694399950417,0.49249694399950417
0.7590186143189891,0.7590186143189891,0.7590186143189891
0.10502047360460727,0.10502047360460727,0.10502047360460727
0.439910850527019,0.439910850527019,0.439910850527019
0.4358271977797843,0.4358271977797843,0.4358271977797843
0.5549709431311415,0.5549709431311415,0.5549709431311415
0.8467771434081371,0.8467771434081371,0.8467771434081371
0.9678198146045677,0.9678198146045677,0.9678198146045677
0.25933339160465724,0.25933339160465724,0.25933339160465724
0.8579959452989847,0.8579959452989847,0.8579959452989847
1.015917558738768,1.015917558738768,1.015917558738768
0.6797328597608997,0.6797328597608997,0.6797328597608997
0.8025226970959429,0.8025226970959429,0.8025226970959429
0.8285937902092377,0.8285937902092377,0.8285937902092377
1.1434259696951707,1.1434259696951707,1.1434259696951707
0.7313551200015428,0.7313551200015428,0.7313551200015428
0.9509644944057127,0.9509644944057127,0.9509644944057127
-0.13968743913196402,-0.13968743913196402,-0.13968743913196402
0.6110337242704396,0.6110337242704396,0.6110337242704396
0.406145251005905,0.406145251005905,0.406145251005905
0.4159724392612045,0.4159724392612045,0.4159724392612045
0.5504784652833942,0.5504784652833942,0.5504784652833942
0.11105302532975155,0.11105302532975155,0.11105302532975155
0.23806342322659066,0.23806342322659066,0.23806342322659066
1.3421742829458996,1.3421742829458996,1.3421742829458996
0.5317239666758291,0.5317239666758291,0.5317239666758291
1.0038976396781534,1.0038976396781534,1.0038976396781534
0.6346093433928087,0.6346093433928087,0.6346093433928087
1.2312895807560829,1.2312895807560829,1.2312895807560829
1.3953354984903903,1.3953354984903903,1.3953354984903903
0.7756318354798958,0.7756318354798958,0.7756318354798958
0.2072646209191169,0.2072646209191169,0.2072646209191169
0.8246182306813569,0.8246182306813569,0.8246182306813569
0.596596820754285,0.596596820754285,0.596596820754285
0.25775281464934013,0.25775281464934013,0.25775281464934013
0.7014205407466546,0.7014205407466546,0.7014205407466546
1.287771402026267,1.287771402026267,1.287771402026267
0.6351630883869908,0.6351630883869908,0.6351630883869908
0.9876409161928211,0.9876409161928211,0.9876409161928211
0.5433315116792058,0.5433315116792058,0.5433315116792058
0.4144326185841202,0.4144326185841202,0.4144326185841202
0.42243294064248693,0.42243294064248693,0.42243294064248693
0.18199757478780768,0.18199757478780768,0.18199757478780768
0.8586174260718771,0.8586174260718771,0.8586174260718771
0.45218262296589473,0.45218262296589473,0.45218262296589473
0.28168740536818304,0.28168740536818304,0.28168740536818304
-0.27413921962394144,-0.27413921962394144,-0.27413921962394144
0.4948826439230342,0.4948826439230342,0.4948826439230342
0.3936946482295691,0.3936946482295691,0.3936946482295691
1.2247353594821122,1.2247353594821122,1.2247353594821122
0.5887737541423427,0.5887737541423427,0.5887737541423427
0.2577050674824389,0.2577050674824389,0.2577050674824389
0.2147657937784475,0.2147657937784475,0.2147657937784475
0.7308873236539931,0.7308873236539931,0.7308873236539931
0.7826923368679601,0.7826923368679601,0.7826923368679601
0.17641799089661347,0.17641799089661347,0.17641799089661347
1.231163212708204,1.231163212708204,1.231163212708204
0.7420076990597182,0.7420076990597182,0.7420076990597182
0.3220462764818624,0.3220462764818624,0.3220462764818624
0.6146601813828246,0.6146601813828246,0.6146601813828246
0.6286932901524686,0.6286932901524686,0.6286932901524686
1.371368154625418,1.371368154625418,1.371368154625418
0.5953434551297213,0.5953434551297213,0.5953434551297213
0.7074123443712869,0.7074123443712869,0.7074123443712869
0.538570187001266,0.538570187001266,0.538570187001266
1.0432607395301254,1.0432607395301254,1.0432607395301254
0.37476937465972693,0.37476937465972693,0.37476937465972693
0.3084238282643394,0.3084238282643394,0.3084238282643394
1.1664189915438001,1.1664189915438001,1.1664189915438001
0.7039266146822772,0.7039266146822772,0.7039266146822772
0.9937727395842986,0.9937727395842986,0.9937727395842986
1.496177981893674,1.496177981893674,1.496177981893674
0.47845069978164617,0.47845069978164617,0.47845069978164617
0.4890012337622873,0.4890012337622873,0.4890012337622873
0.8159097406488222,0.8159097406488222,0.8159097406488222
1.035614014230026,1.035614014230026,1.035614014230026
0.7878039232652374,0.7878039232652374,0.7878039232652374
0.20498024192143216,0.20498024192143216,0.20498024192143216
0.49006662239914967,0.49006662239914967,0.49006662239914967
0.28016257634131647,0.28016257634131647,0.28016257634131647
0.4177234324638142,0.4177234324638142,0.4177234324638142
1.0292200810243501,1.0292200810243501,1.0292200810243501
0.1161991606720018,0.1161991606720018,0.1161991606720018
0.45588458238343427,0.45588458238343427,0.45588458238343427
0.4774815121476399,0.4774815121476399,0.4774815121476399
1.1094032309453776,1.1094032309453776,1.1094032309453776
0.7639700836201891,0.7639700836201891,0.7639700836201891
0.8176901686409782,0.8176901686409782,0.8176901686409782
0.6333627854321567,0.6333627854321567,0.6333627854321567
0.8571327169561794,0.8571327169561794,0.8571327169561794
0.39123814516826777,0.39123814516826777,0.39123814516826777
